ID,TARGET
1,0.0
3,0.0
6,0.0
7,0.0
12,0.0
18,0.0
37,0.0
45,0.0
48,0.0
50,0.0
62,0.0
64,0.0
67,0.0
68,0.0
69,0.0
71,0.0
86,0.0
91,0.0
96,0.0
106,0.0
109,0.0
123,0.0
126,0.0
133,0.0
140,0.0
150,0.0
155,0.0
164,0.0
165,0.0
167,0.0
168,0.0
169,0.0
173,0.0
177,0.0
182,0.0
183,0.0
187,0.0
189,0.0
196,0.0
203,0.0
223,0.0
224,0.0
227,0.0
229,0.0
230,0.0
235,0.0
236,0.0
240,0.0
241,0.0
246,0.0
248,0.0
249,0.0
250,0.0
255,0.0
258,0.0
259,0.0
261,0.0
262,0.0
263,0.0
265,0.0
266,0.0
270,0.0
272,0.0
273,0.0
274,0.0
276,0.0
277,0.0
283,0.0
286,0.0
287,0.0
298,0.0
305,0.0
309,0.0
314,0.0
315,0.0
318,0.0
321,0.0
326,0.0
328,0.0
338,0.0
341,0.0
343,0.0
344,0.0
346,0.0
348,0.0
351,0.0
355,0.0
356,0.0
357,0.0
358,0.0
361,0.0
366,0.0
367,0.0
370,0.0
380,0.0
382,0.0
384,0.0
392,0.0
393,0.0
397,0.0
404,0.0
420,0.0
432,0.0
433,0.0
434,0.0
437,0.0
440,0.0
445,0.0
448,0.0
461,0.0
465,0.0
466,0.0
467,0.0
510,0.0
527,0.0
532,0.0
560,0.0
561,0.0
566,0.0
572,0.0
576,0.0
595,0.0
603,0.0
629,0.0
630,0.0
636,0.0
638,0.0
648,0.0
653,0.0
660,0.0
662,0.0
667,0.0
671,0.0
674,0.0
678,0.0
680,0.0
681,0.0
682,0.0
685,0.0
686,0.0
689,0.0
691,0.0
692,0.0
701,0.0
708,0.0
712,0.0
716,0.0
723,0.0
725,0.0
726,0.0
727,0.0
728,0.0
736,0.0
746,0.0
755,0.0
756,0.0
759,0.0
760,0.0
761,0.0
770,0.0
774,0.0
779,0.0
781,0.0
782,0.0
786,0.0
796,0.0
801,0.0
804,0.0
814,0.0
815,0.0
817,0.0
818,0.0
820,0.0
821,0.0
824,0.0
825,0.0
827,0.0
828,0.0
847,0.0
850,0.0
863,0.0
867,0.0
868,0.0
880,0.0
884,0.0
895,0.0
898,0.0
904,0.0
915,0.0
927,0.0
933,0.0
936,0.0
938,0.0
940,0.0
944,0.0
945,0.0
962,0.0
984,0.0
986,0.0
987,0.0
992,0.0
994,0.0
996,0.0
1000,0.0
1008,0.0
1012,0.0
1013,0.0
1035,0.0
1036,0.0
1045,0.0
1055,0.0
1056,0.0
1060,0.0
1061,0.0
1077,0.0
1084,0.0
1092,0.0
1103,0.0
1111,0.0
1115,0.0
1117,0.0
1124,0.0
1132,0.0
1139,0.0
1141,0.0
1156,0.0
1161,0.0
1164,0.0
1171,0.0
1177,0.0
1180,0.0
1185,0.0
1186,0.0
1189,0.0
1195,0.0
1209,0.0
1213,0.0
1214,0.0
1223,0.0
1227,0.0
1228,0.0
1230,0.0
1239,0.0
1245,0.0
1250,0.0
1254,0.0
1264,0.0
1266,1.0
1269,0.0
1290,0.0
1353,0.0
1354,0.0
1365,0.0
1366,0.0
1369,0.0
1373,0.0
1380,0.0
1390,0.0
1394,0.0
1396,0.0
1397,0.0
1402,0.0
1405,0.0
1416,0.0
1431,0.0
1438,0.0
1440,0.0
1442,0.0
1444,0.0
1445,0.0
1447,0.0
1448,0.0
1456,0.0
1457,0.0
1459,0.0
1506,0.0
1508,0.0
1529,0.0
1531,0.0
1534,0.0
1543,0.0
1546,0.0
1548,0.0
1549,0.0
1550,0.0
1551,0.0
1552,0.0
1553,0.0
1555,0.0
1556,0.0
1564,0.0
1566,0.0
1569,0.0
1574,0.0
1586,0.0
1593,0.0
1594,0.0
1596,0.0
1598,0.0
1601,0.0
1604,0.0
1605,0.0
1618,0.0
1620,0.0
1626,0.0
1670,0.0
1673,0.0
1680,0.0
1718,0.0
1722,0.0
1729,0.0
1747,0.0
1753,0.0
1754,0.0
1755,0.0
1759,0.0
1785,0.0
1790,0.0
1794,0.0
1807,0.0
1841,0.0
1850,0.0
1859,0.0
1864,0.0
1907,0.0
1909,0.0
1925,0.0
1935,0.0
1959,0.0
1969,0.0
2001,0.0
2005,0.0
2006,0.0
2027,0.0
2030,0.0
2031,0.0
2034,0.0
2058,0.0
2059,0.0
2060,0.0
2061,0.0
2062,0.0
2068,0.0
2075,0.0
2100,0.0
2113,0.0
2118,0.0
2119,0.0
2127,0.0
2135,0.0
2144,0.0
2157,0.0
2166,0.0
2167,0.0
2176,0.0
2179,0.0
2181,0.0
2236,0.0
2241,0.0
2272,0.0
2275,0.0
2292,0.0
2298,0.0
2299,0.0
2302,0.0
2303,0.0
2313,0.0
2332,0.0
2340,0.0
2341,0.0
2362,0.0
2393,0.0
2397,0.0
2399,0.0
2400,0.0
2404,0.0
2405,0.0
2413,0.0
2421,0.0
2425,0.0
2428,0.0
2435,0.0
2436,0.0
2437,0.0
2439,0.0
2445,0.0
2449,0.0
2450,0.0
2457,0.0
2458,0.0
2467,0.0
2470,0.0
2473,0.0
2475,0.0
2477,0.0
2481,0.0
2482,0.0
2483,0.0
2485,0.0
2486,0.0
2488,0.0
2491,0.0
2494,0.0
2501,0.0
2512,0.0
2517,0.0
2531,0.0
2534,0.0
2535,0.0
2537,0.0
2548,0.0
2550,0.0
2555,0.0
2568,0.0
2569,0.0
2571,0.0
2590,0.0
2591,0.0
2595,0.0
2597,0.0
2600,0.0
2601,0.0
2602,0.0
2606,0.0
2610,0.0
2612,0.0
2615,0.0
2630,0.0
2631,0.0
2632,0.0
2634,0.0
2635,0.0
2637,0.0
2649,0.0
2650,0.0
2654,0.0
2660,0.0
2676,0.0
2677,0.0
2684,0.0
2685,0.0
2688,0.0
2698,0.0
2702,0.0
2703,0.0
2704,0.0
2708,0.0
2718,0.0
2726,0.0
2734,0.0
2735,0.0
2737,0.0
2746,0.0
2750,0.0
2755,0.0
2757,0.0
2759,0.0
2760,0.0
2763,0.0
2765,0.0
2780,0.0
2788,0.0
2794,0.0
2795,0.0
2798,0.0
2802,0.0
2805,0.0
2807,0.0
2812,0.0
2814,0.0
2818,0.0
2824,0.0
2825,0.0
2832,0.0
2833,0.0
2834,0.0
2836,0.0
2839,0.0
2844,0.0
2846,0.0
2853,0.0
2854,0.0
2856,0.0
2857,0.0
2860,0.0
2875,0.0
2876,0.0
2885,0.0
2888,0.0
2908,0.0
2919,0.0
2927,0.0
2928,0.0
2930,0.0
2933,0.0
2935,0.0
2940,0.0
2949,0.0
2952,0.0
2957,0.0
2959,0.0
2962,0.0
2964,0.0
2971,0.0
2974,0.0
2975,0.0
2977,0.0
2978,0.0
2980,0.0
2986,0.0
2988,0.0
2989,0.0
2990,0.0
2995,0.0
3001,0.0
3002,0.0
3003,0.0
3004,0.0
3007,0.0
3015,0.0
3016,0.0
3020,0.0
3021,0.0
3026,0.0
3028,0.0
3036,0.0
3041,0.0
3053,0.0
3056,0.0
3058,0.0
3059,0.0
3060,0.0
3065,0.0
3069,0.0
3070,0.0
3074,0.0
3075,0.0
3078,0.0
3079,0.0
3084,0.0
3091,0.0
3102,0.0
3104,0.0
3105,0.0
3118,0.0
3119,0.0
3120,0.0
3121,0.0
3126,0.0
3128,0.0
3129,0.0
3130,0.0
3132,0.0
3144,0.0
3145,0.0
3156,0.0
3157,0.0
3159,0.0
3164,0.0
3170,0.0
3172,0.0
3173,0.0
3182,0.0
3186,0.0
3199,0.0
3200,0.0
3202,0.0
3203,0.0
3207,0.0
3208,0.0
3210,0.0
3211,0.0
3213,0.0
3220,0.0
3228,0.0
3231,0.0
3232,0.0
3237,0.0
3242,0.0
3245,0.0
3247,0.0
3251,0.0
3252,0.0
3253,0.0
3257,0.0
3258,0.0
3259,0.0
3263,0.0
3264,0.0
3268,0.0
3269,0.0
3274,0.0
3276,0.0
3278,0.0
3280,0.0
3288,0.0
3292,0.0
3304,0.0
3307,0.0
3311,0.0
3320,0.0
3327,0.0
3331,0.0
3336,0.0
3338,0.0
3341,0.0
3344,0.0
3346,0.0
3360,0.0
3361,0.0
3362,0.0
3370,0.0
3373,0.0
3375,0.0
3386,0.0
3391,0.0
3398,0.0
3400,0.0
3401,0.0
3406,0.0
3412,0.0
3424,0.0
3425,0.0
3426,0.0
3438,0.0
3439,0.0
3443,0.0
3446,0.0
3451,0.0
3452,0.0
3455,0.0
3463,0.0
3470,1.0
3482,0.0
3493,0.0
3495,0.0
3503,0.0
3505,0.0
3526,0.0
3529,0.0
3531,0.0
3532,0.0
3533,0.0
3535,0.0
3553,0.0
3556,0.0
3557,0.0
3570,0.0
3573,0.0
3577,0.0
3580,0.0
3584,0.0
3589,0.0
3591,0.0
3608,0.0
3613,0.0
3618,0.0
3623,0.0
3630,0.0
3638,0.0
3639,0.0
3641,0.0
3642,0.0
3649,0.0
3653,0.0
3656,0.0
3661,0.0
3662,0.0
3663,0.0
3665,0.0
3668,0.0
3669,0.0
3683,0.0
3686,0.0
3689,0.0
3695,0.0
3699,0.0
3714,0.0
3728,0.0
3730,0.0
3732,0.0
3733,0.0
3741,0.0
3743,0.0
3745,0.0
3757,0.0
3761,0.0
3769,0.0
3779,0.0
3792,0.0
3793,0.0
3799,0.0
3806,0.0
3807,0.0
3815,0.0
3818,0.0
3822,0.0
3824,0.0
3825,0.0
3843,0.0
3846,0.0
3847,0.0
3848,0.0
3850,0.0
3856,0.0
3865,0.0
3867,0.0
3872,0.0
3880,0.0
3887,0.0
3900,0.0
3903,0.0
3905,0.0
3911,0.0
3915,0.0
3921,0.0
3923,0.0
3928,0.0
3931,0.0
3944,0.0
3950,0.0
3952,0.0
3961,0.0
3963,0.0
3964,0.0
3973,0.0
3975,0.0
3978,0.0
3986,0.0
3987,0.0
3990,0.0
3991,0.0
3994,0.0
4005,0.0
4006,0.0
4007,0.0
4008,0.0
4009,0.0
4019,0.0
4020,0.0
4022,0.0
4028,0.0
4030,0.0
4033,0.0
4036,0.0
4047,0.0
4052,0.0
4055,0.0
4056,0.0
4068,0.0
4071,0.0
4074,0.0
4076,0.0
4083,0.0
4087,0.0
4089,0.0
4093,0.0
4097,0.0
4098,0.0
4105,0.0
4108,0.0
4111,0.0
4120,0.0
4121,0.0
4122,0.0
4130,0.0
4141,0.0
4164,0.0
4168,0.0
4175,0.0
4178,0.0
4183,0.0
4188,0.0
4190,1.0
4191,0.0
4201,0.0
4202,0.0
4212,0.0
4218,0.0
4220,0.0
4226,0.0
4228,0.0
4229,0.0
4237,0.0
4245,0.0
4248,0.0
4252,0.0
4253,0.0
4254,0.0
4257,0.0
4258,0.0
4261,0.0
4266,0.0
4267,0.0
4273,0.0
4277,0.0
4290,0.0
4294,0.0
4296,0.0
4299,0.0
4320,0.0
4321,0.0
4327,0.0
4329,0.0
4340,0.0
4342,0.0
4347,0.0
4350,0.0
4356,0.0
4367,0.0
4382,0.0
4390,0.0
4392,0.0
4393,0.0
4394,0.0
4396,0.0
4415,0.0
4418,0.0
4420,0.0
4425,0.0
4428,0.0
4439,0.0
4440,0.0
4449,0.0
4458,0.0
4459,0.0
4464,0.0
4466,0.0
4477,0.0
4497,0.0
4522,0.0
4528,0.0
4531,0.0
4533,0.0
4535,0.0
4536,0.0
4541,0.0
4546,0.0
4551,0.0
4556,0.0
4557,0.0
4560,0.0
4578,0.0
4580,0.0
4589,0.0
4594,0.0
4595,0.0
4598,0.0
4603,0.0
4611,0.0
4613,0.0
4614,0.0
4616,0.0
4618,0.0
4625,0.0
4627,0.0
4628,0.0
4642,0.0
4655,0.0
4662,0.0
4665,0.0
4683,0.0
4686,0.0
4690,0.0
4693,0.0
4697,0.0
4706,0.0
4709,0.0
4719,0.0
4748,0.0
4754,0.0
4761,0.0
4774,0.0
4782,0.0
4784,0.0
4785,0.0
4787,0.0
4788,0.0
4789,0.0
4791,0.0
4792,0.0
4794,0.0
4812,0.0
4813,0.0
4816,0.0
4820,0.0
4821,0.0
4824,0.0
4842,0.0
4843,0.0
4844,0.0
4850,0.0
4855,0.0
4856,0.0
4860,0.0
4861,0.0
4873,0.0
4877,0.0
4878,0.0
4886,0.0
4892,0.0
4898,0.0
4901,0.0
4902,0.0
4921,0.0
4933,0.0
4941,0.0
4944,0.0
4950,0.0
4961,0.0
4962,0.0
4963,0.0
4969,0.0
4974,0.0
4978,0.0
4981,0.0
4985,0.0
4989,0.0
4993,0.0
4994,0.0
4999,0.0
5001,0.0
5003,0.0
5004,0.0
5023,0.0
5030,0.0
5038,0.0
5040,0.0
5044,0.0
5045,0.0
5055,0.0
5059,0.0
5064,0.0
5069,0.0
5077,0.0
5085,0.0
5092,0.0
5100,0.0
5111,0.0
5112,0.0
5115,0.0
5116,0.0
5118,0.0
5122,0.0
5123,0.0
5140,0.0
5141,0.0
5148,0.0
5155,0.0
5163,0.0
5169,0.0
5172,0.0
5173,0.0
5180,0.0
5183,0.0
5184,0.0
5190,0.0
5193,0.0
5200,0.0
5203,0.0
5209,0.0
5213,0.0
5236,0.0
5248,0.0
5255,0.0
5268,0.0
5269,0.0
5274,0.0
5275,0.0
5276,0.0
5281,0.0
5282,0.0
5290,0.0
5300,0.0
5303,0.0
5320,0.0
5323,0.0
5329,0.0
5331,0.0
5337,0.0
5339,0.0
5341,0.0
5342,0.0
5343,0.0
5344,0.0
5345,0.0
5350,0.0
5353,0.0
5367,0.0
5372,0.0
5378,0.0
5380,0.0
5384,0.0
5387,0.0
5388,0.0
5405,0.0
5412,0.0
5417,0.0
5418,0.0
5420,0.0
5422,0.0
5427,0.0
5428,0.0
5431,0.0
5434,0.0
5435,0.0
5439,0.0
5442,0.0
5448,0.0
5450,0.0
5453,0.0
5455,0.0
5458,0.0
5460,0.0
5462,0.0
5463,0.0
5473,0.0
5484,0.0
5487,0.0
5489,0.0
5494,0.0
5496,0.0
5507,0.0
5508,0.0
5513,0.0
5522,0.0
5523,0.0
5535,0.0
5537,0.0
5539,0.0
5559,0.0
5561,0.0
5564,0.0
5568,0.0
5576,0.0
5577,0.0
5581,0.0
5584,0.0
5587,0.0
5593,0.0
5611,0.0
5612,0.0
5627,0.0
5629,0.0
5638,0.0
5645,0.0
5646,0.0
5650,0.0
5663,0.0
5665,0.0
5669,0.0
5674,0.0
5675,0.0
5677,0.0
5687,0.0
5693,0.0
5702,0.0
5708,0.0
5711,0.0
5712,0.0
5717,0.0
5719,0.0
5722,0.0
5724,0.0
5726,0.0
5727,0.0
5729,0.0
5731,0.0
5738,0.0
5750,0.0
5753,0.0
5754,0.0
5755,0.0
5756,0.0
5758,0.0
5760,0.0
5761,0.0
5767,0.0
5772,0.0
5774,0.0
5777,0.0
5778,0.0
5780,0.0
5783,0.0
5792,0.0
5795,0.0
5798,0.0
5801,0.0
5805,0.0
5808,0.0
5811,0.0
5814,0.0
5821,0.0
5828,0.0
5835,0.0
5845,0.0
5853,0.0
5863,0.0
5866,0.0
5867,0.0
5868,0.0
5869,0.0
5879,0.0
5882,0.0
5883,0.0
5884,0.0
5890,0.0
5891,0.0
5892,0.0
5903,0.0
5909,0.0
5912,1.0
5914,0.0
5921,0.0
5931,0.0
5934,0.0
5936,0.0
5957,0.0
5961,0.0
5966,0.0
5971,0.0
5972,0.0
5982,0.0
5984,0.0
5989,0.0
5992,0.0
6003,0.0
6009,0.0
6010,0.0
6012,0.0
6018,0.0
6020,0.0
6023,0.0
6027,0.0
6028,0.0
6035,0.0
6036,0.0
6041,0.0
6043,0.0
6045,0.0
6047,0.0
6048,0.0
6049,0.0
6050,0.0
6056,0.0
6057,0.0
6058,0.0
6059,0.0
6064,0.0
6068,0.0
6071,0.0
6075,0.0
6076,0.0
6078,0.0
6080,0.0
6082,0.0
6087,0.0
6096,0.0
6098,0.0
6104,0.0
6108,0.0
6111,0.0
6112,0.0
6116,0.0
6121,0.0
6122,0.0
6123,0.0
6125,0.0
6130,0.0
6132,0.0
6134,0.0
6144,0.0
6146,0.0
6147,0.0
6154,0.0
6162,0.0
6165,0.0
6168,0.0
6169,0.0
6176,0.0
6185,0.0
6187,0.0
6196,0.0
6199,0.0
6201,0.0
6211,0.0
6216,0.0
6217,0.0
6225,0.0
6229,0.0
6231,0.0
6235,0.0
6240,0.0
6241,0.0
6247,0.0
6250,0.0
6256,0.0
6264,0.0
6268,0.0
6269,0.0
6270,0.0
6271,0.0
6277,0.0
6284,0.0
6288,0.0
6290,0.0
6303,0.0
6317,0.0
6327,0.0
6331,0.0
6334,0.0
6341,0.0
6346,0.0
6347,0.0
6349,0.0
6355,0.0
6361,0.0
6366,0.0
6368,0.0
6369,0.0
6373,0.0
6374,0.0
6384,0.0
6385,0.0
6387,0.0
6388,0.0
6390,0.0
6397,0.0
6398,0.0
6402,0.0
6403,0.0
6405,0.0
6406,0.0
6410,0.0
6411,0.0
6412,0.0
6421,0.0
6422,0.0
6428,0.0
6429,0.0
6442,0.0
6451,0.0
6455,0.0
6459,0.0
6463,0.0
6477,0.0
6496,0.0
6497,0.0
6506,0.0
6513,0.0
6517,0.0
6518,0.0
6521,0.0
6522,0.0
6545,0.0
6548,0.0
6549,0.0
6550,0.0
6565,0.0
6567,0.0
6570,0.0
6575,0.0
6578,0.0
6583,0.0
6596,0.0
6601,0.0
6606,0.0
6610,0.0
6611,0.0
6612,0.0
6618,0.0
6620,0.0
6621,0.0
6625,0.0
6640,0.0
6646,0.0
6647,0.0
6649,0.0
6652,0.0
6655,0.0
6663,0.0
6665,0.0
6668,0.0
6676,0.0
6703,0.0
6707,0.0
6709,0.0
6711,0.0
6720,0.0
6723,0.0
6728,0.0
6732,0.0
6735,0.0
6742,0.0
6744,0.0
6745,0.0
6755,0.0
6758,0.0
6760,0.0
6762,0.0
6763,0.0
6766,0.0
6769,0.0
6771,0.0
6772,0.0
6785,0.0
6786,0.0
6787,0.0
6789,0.0
6791,0.0
6798,0.0
6802,0.0
6807,0.0
6809,0.0
6810,0.0
6813,0.0
6826,0.0
6831,0.0
6837,0.0
6839,0.0
6843,0.0
6844,0.0
6847,0.0
6851,0.0
6854,0.0
6856,0.0
6858,0.0
6859,0.0
6860,0.0
6861,0.0
6863,0.0
6875,0.0
6888,0.0
6889,0.0
6894,0.0
6897,0.0
6901,0.0
6906,0.0
6908,0.0
6920,0.0
6923,0.0
6926,0.0
6935,0.0
6940,0.0
6944,0.0
6960,0.0
6961,0.0
6962,0.0
6963,0.0
6965,0.0
6966,0.0
6973,0.0
6976,0.0
6991,0.0
6992,0.0
6998,0.0
7003,0.0
7004,0.0
7009,0.0
7010,0.0
7012,0.0
7019,0.0
7024,0.0
7041,0.0
7046,0.0
7047,0.0
7059,0.0
7060,0.0
7066,0.0
7068,0.0
7070,0.0
7077,0.0
7080,0.0
7082,0.0
7083,0.0
7087,0.0
7093,0.0
7103,0.0
7116,0.0
7118,0.0
7120,0.0
7122,0.0
7134,0.0
7139,0.0
7143,0.0
7146,0.0
7148,0.0
7156,0.0
7157,0.0
7162,0.0
7165,0.0
7168,0.0
7177,0.0
7178,0.0
7180,0.0
7182,0.0
7188,0.0
7189,0.0
7191,0.0
7192,0.0
7194,0.0
7197,0.0
7208,0.0
7209,0.0
7216,0.0
7217,0.0
7226,0.0
7227,0.0
7232,0.0
7237,0.0
7240,0.0
7243,0.0
7247,0.0
7248,0.0
7249,0.0
7250,0.0
7251,0.0
7254,0.0
7263,0.0
7264,0.0
7267,0.0
7276,0.0
7277,0.0
7278,0.0
7288,0.0
7290,0.0
7293,0.0
7298,0.0
7299,0.0
7301,0.0
7302,0.0
7303,0.0
7304,0.0
7313,0.0
7315,0.0
7316,0.0
7317,0.0
7320,0.0
7322,0.0
7326,0.0
7336,0.0
7337,0.0
7345,0.0
7352,0.0
7353,0.0
7360,0.0
7362,0.0
7363,0.0
7366,0.0
7367,0.0
7373,0.0
7374,0.0
7381,0.0
7385,0.0
7386,0.0
7390,0.0
7397,0.0
7398,0.0
7405,0.0
7409,0.0
7411,0.0
7414,0.0
7415,0.0
7429,0.0
7433,0.0
7438,0.0
7440,0.0
7442,0.0
7443,0.0
7444,0.0
7445,0.0
7453,0.0
7457,0.0
7460,0.0
7472,0.0
7482,0.0
7487,0.0
7490,0.0
7495,0.0
7499,0.0
7505,0.0
7509,0.0
7511,0.0
7512,0.0
7524,0.0
7526,0.0
7531,0.0
7532,0.0
7535,0.0
7538,0.0
7539,0.0
7549,0.0
7550,0.0
7555,0.0
7575,0.0
7587,0.0
7595,0.0
7600,0.0
7601,0.0
7603,0.0
7606,0.0
7615,0.0
7622,0.0
7624,0.0
7627,0.0
7640,0.0
7642,0.0
7643,0.0
7644,0.0
7647,0.0
7663,0.0
7669,0.0
7674,0.0
7682,0.0
7691,0.0
7695,0.0
7699,0.0
7706,0.0
7707,0.0
7710,0.0
7713,0.0
7717,0.0
7720,0.0
7723,0.0
7726,0.0
7730,0.0
7732,0.0
7734,0.0
7736,0.0
7738,0.0
7739,0.0
7740,0.0
7741,0.0
7750,0.0
7751,0.0
7753,0.0
7760,0.0
7764,0.0
7766,0.0
7767,0.0
7772,0.0
7783,0.0
7784,0.0
7801,0.0
7804,0.0
7805,0.0
7813,0.0
7816,0.0
7818,0.0
7820,0.0
7822,0.0
7823,0.0
7826,0.0
7831,0.0
7834,0.0
7836,0.0
7839,0.0
7840,0.0
7842,0.0
7846,0.0
7851,0.0
7852,0.0
7857,0.0
7858,0.0
7863,0.0
7870,0.0
7875,0.0
7878,0.0
7880,0.0
7888,0.0
7889,0.0
7895,0.0
7903,0.0
7905,0.0
7911,0.0
7916,0.0
7919,0.0
7921,0.0
7925,0.0
7928,0.0
7938,0.0
7940,0.0
7948,0.0
7950,0.0
7956,0.0
7958,0.0
7965,0.0
7968,0.0
7971,0.0
7972,0.0
8008,0.0
8012,0.0
8013,0.0
8015,0.0
8027,0.0
8028,0.0
8029,0.0
8031,0.0
8034,0.0
8036,0.0
8039,0.0
8044,0.0
8048,0.0
8049,0.0
8052,0.0
8065,0.0
8069,0.0
8076,0.0
8079,0.0
8082,0.0
8088,0.0
8091,0.0
8092,0.0
8093,0.0
8094,0.0
8096,0.0
8099,0.0
8104,0.0
8114,0.0
8120,0.0
8122,0.0
8128,0.0
8130,0.0
8140,0.0
8141,0.0
8144,0.0
8145,0.0
8147,0.0
8149,0.0
8154,0.0
8157,0.0
8159,0.0
8172,0.0
8178,0.0
8186,0.0
8193,0.0
8203,0.0
8209,0.0
8210,0.0
8223,0.0
8234,0.0
8241,0.0
8248,0.0
8249,0.0
8263,0.0
8282,0.0
8283,0.0
8285,0.0
8286,0.0
8289,0.0
8292,0.0
8293,0.0
8294,0.0
8297,0.0
8301,0.0
8304,0.0
8305,0.0
8306,0.0
8307,0.0
8310,0.0
8316,0.0
8321,0.0
8324,0.0
8327,0.0
8329,0.0
8335,0.0
8336,0.0
8340,0.0
8343,0.0
8355,0.0
8363,0.0
8370,0.0
8374,0.0
8376,0.0
8383,0.0
8387,0.0
8394,0.0
8395,0.0
8408,0.0
8418,0.0
8423,0.0
8425,0.0
8433,0.0
8438,0.0
8441,0.0
8443,0.0
8448,0.0
8462,0.0
8472,0.0
8495,0.0
8507,0.0
8508,0.0
8515,0.0
8516,0.0
8521,0.0
8522,0.0
8525,0.0
8526,0.0
8528,0.0
8530,0.0
8533,0.0
8543,0.0
8550,0.0
8552,0.0
8559,0.0
8560,0.0
8561,0.0
8566,0.0
8569,0.0
8570,0.0
8571,0.0
8574,0.0
8575,0.0
8578,0.0
8580,0.0
8582,0.0
8584,0.0
8590,0.0
8591,0.0
8595,0.0
8602,0.0
8605,0.0
8607,0.0
8610,0.0
8613,0.0
8614,0.0
8616,0.0
8618,0.0
8623,0.0
8627,0.0
8634,0.0
8635,0.0
8636,0.0
8645,0.0
8649,0.0
8654,0.0
8674,0.0
8675,0.0
8677,0.0
8681,0.0
8684,0.0
8691,0.0
8697,0.0
8699,0.0
8706,0.0
8712,0.0
8721,0.0
8723,0.0
8724,0.0
8730,0.0
8731,0.0
8739,0.0
8741,0.0
8759,0.0
8768,0.0
8769,0.0
8770,0.0
8771,0.0
8774,0.0
8775,0.0
8778,0.0
8780,0.0
8785,0.0
8786,0.0
8791,0.0
8801,0.0
8803,0.0
8805,0.0
8812,0.0
8823,0.0
8825,0.0
8835,0.0
8840,0.0
8850,0.0
8851,0.0
8856,0.0
8858,0.0
8865,0.0
8873,0.0
8874,0.0
8878,0.0
8879,0.0
8890,0.0
8892,0.0
8894,0.0
8898,0.0
8906,0.0
8908,0.0
8909,0.0
8919,0.0
8923,0.0
8924,0.0
8927,0.0
8928,0.0
8932,0.0
8933,0.0
8936,0.0
8937,0.0
8940,0.0
8942,0.0
8944,0.0
8946,0.0
8947,0.0
8949,0.0
8956,0.0
8960,0.0
8964,0.0
8965,0.0
8968,0.0
8972,0.0
8977,0.0
8981,0.0
8985,0.0
8988,0.0
8989,0.0
8992,0.0
9001,0.0
9006,0.0
9007,0.0
9022,0.0
9028,0.0
9029,0.0
9030,0.0
9032,0.0
9033,0.0
9036,0.0
9039,0.0
9044,0.0
9048,0.0
9053,0.0
9057,0.0
9060,0.0
9061,0.0
9063,0.0
9065,0.0
9066,0.0
9069,0.0
9070,0.0
9071,0.0
9075,0.0
9077,0.0
9079,0.0
9080,0.0
9082,0.0
9085,0.0
9090,0.0
9094,0.0
9096,0.0
9100,0.0
9104,0.0
9107,0.0
9109,0.0
9111,0.0
9113,0.0
9127,0.0
9128,0.0
9130,0.0
9132,0.0
9133,0.0
9136,0.0
9137,0.0
9138,0.0
9144,0.0
9147,0.0
9149,0.0
9156,0.0
9159,0.0
9166,0.0
9172,0.0
9173,0.0
9174,0.0
9183,0.0
9190,0.0
9191,0.0
9200,0.0
9203,0.0
9206,0.0
9209,0.0
9212,0.0
9215,0.0
9217,0.0
9220,0.0
9224,0.0
9225,0.0
9226,0.0
9229,0.0
9230,0.0
9235,0.0
9243,0.0
9244,0.0
9246,0.0
9248,0.0
9256,0.0
9282,0.0
9289,0.0
9291,0.0
9308,0.0
9309,0.0
9312,0.0
9323,0.0
9324,0.0
9330,0.0
9331,0.0
9338,0.0
9340,0.0
9341,0.0
9343,0.0
9344,0.0
9348,0.0
9351,0.0
9354,0.0
9362,0.0
9369,0.0
9370,0.0
9371,0.0
9372,0.0
9375,0.0
9376,0.0
9386,0.0
9387,0.0
9392,0.0
9393,0.0
9394,0.0
9397,0.0
9398,0.0
9399,0.0
9405,0.0
9412,0.0
9417,0.0
9426,0.0
9431,0.0
9442,0.0
9443,0.0
9445,0.0
9449,0.0
9450,0.0
9451,0.0
9457,0.0
9469,0.0
9477,0.0
9478,0.0
9479,0.0
9480,0.0
9483,0.0
9487,0.0
9488,0.0
9490,0.0
9493,0.0
9499,0.0
9511,0.0
9512,0.0
9513,0.0
9516,0.0
9518,0.0
9522,0.0
9525,0.0
9535,0.0
9547,0.0
9562,0.0
9564,0.0
9565,0.0
9568,0.0
9571,0.0
9575,0.0
9576,0.0
9577,0.0
9580,0.0
9585,0.0
9587,0.0
9590,0.0
9595,0.0
9599,0.0
9601,0.0
9611,0.0
9612,0.0
9614,0.0
9615,0.0
9618,0.0
9619,0.0
9620,0.0
9621,0.0
9629,0.0
9631,0.0
9632,0.0
9637,0.0
9639,0.0
9642,0.0
9651,0.0
9661,0.0
9664,0.0
9668,0.0
9669,0.0
9674,0.0
9684,0.0
9686,0.0
9690,0.0
9691,0.0
9694,0.0
9699,0.0
9702,0.0
9714,0.0
9719,0.0
9722,0.0
9726,0.0
9731,0.0
9734,0.0
9737,0.0
9740,0.0
9741,0.0
9745,0.0
9746,0.0
9750,0.0
9759,0.0
9764,0.0
9771,0.0
9784,0.0
9785,0.0
9786,0.0
9789,0.0
9791,0.0
9800,0.0
9801,0.0
9805,0.0
9806,0.0
9811,0.0
9813,0.0
9817,0.0
9819,0.0
9820,0.0
9821,0.0
9830,0.0
9833,0.0
9835,0.0
9836,0.0
9843,0.0
9844,0.0
9845,0.0
9853,0.0
9854,0.0
9859,0.0
9862,0.0
9863,0.0
9864,0.0
9865,0.0
9870,0.0
9872,0.0
9880,0.0
9886,0.0
9890,0.0
9900,0.0
9901,0.0
9905,0.0
9908,0.0
9911,0.0
9914,0.0
9916,0.0
9917,0.0
9922,0.0
9926,0.0
9927,0.0
9929,0.0
9936,0.0
9943,0.0
9946,0.0
9950,0.0
9956,0.0
9967,0.0
9970,0.0
9974,0.0
9978,0.0
9985,0.0
10000,0.0
10003,0.0
10005,0.0
10006,0.0
10012,0.0
10018,0.0
10022,0.0
10036,0.0
10047,0.0
10048,0.0
10058,0.0
10060,0.0
10063,0.0
10064,0.0
10066,0.0
10072,0.0
10073,0.0
10096,0.0
10101,0.0
10104,0.0
10107,0.0
10108,0.0
10111,0.0
10117,0.0
10118,0.0
10124,0.0
10127,0.0
10130,0.0
10131,0.0
10136,0.0
10141,0.0
10143,0.0
10144,0.0
10154,0.0
10158,0.0
10165,0.0
10172,0.0
10174,0.0
10175,0.0
10176,0.0
10180,0.0
10184,0.0
10185,0.0
10187,0.0
10188,0.0
10197,0.0
10200,0.0
10202,0.0
10204,0.0
10205,0.0
10208,0.0
10212,0.0
10217,0.0
10218,0.0
10231,0.0
10243,0.0
10244,0.0
10248,0.0
10249,0.0
10258,0.0
10263,0.0
10268,0.0
10271,0.0
10285,0.0
10289,0.0
10291,0.0
10293,0.0
10294,0.0
10299,0.0
10314,0.0
10325,0.0
10330,0.0
10339,0.0
10343,0.0
10349,0.0
10350,0.0
10351,0.0
10353,0.0
10362,0.0
10365,0.0
10366,0.0
10372,0.0
10373,0.0
10375,0.0
10376,0.0
10379,0.0
10381,0.0
10385,0.0
10387,0.0
10388,0.0
10390,0.0
10394,0.0
10395,0.0
10397,0.0
10404,0.0
10406,0.0
10416,0.0
10418,0.0
10420,0.0
10421,0.0
10423,0.0
10428,0.0
10429,0.0
10432,0.0
10436,0.0
10441,0.0
10445,0.0
10448,0.0
10458,0.0
10465,0.0
10466,0.0
10467,0.0
10470,0.0
10472,0.0
10477,0.0
10489,0.0
10494,0.0
10495,0.0
10506,0.0
10510,0.0
10515,0.0
10516,0.0
10521,0.0
10526,0.0
10531,0.0
10534,0.0
10536,0.0
10540,0.0
10541,0.0
10542,0.0
10555,0.0
10556,0.0
10560,0.0
10564,0.0
10573,0.0
10578,0.0
10579,0.0
10581,0.0
10587,0.0
10591,0.0
10593,0.0
10598,0.0
10599,0.0
10602,0.0
10603,0.0
10607,0.0
10611,0.0
10615,0.0
10619,0.0
10622,0.0
10636,0.0
10637,0.0
10644,0.0
10649,0.0
10652,0.0
10654,0.0
10656,0.0
10660,0.0
10673,0.0
10677,0.0
10679,0.0
10687,0.0
10693,0.0
10695,0.0
10699,0.0
10701,0.0
10703,0.0
10708,0.0
10713,0.0
10716,0.0
10720,0.0
10723,0.0
10724,0.0
10726,0.0
10728,0.0
10730,0.0
10731,0.0
10732,0.0
10733,0.0
10737,0.0
10738,0.0
10742,0.0
10744,0.0
10748,0.0
10751,0.0
10754,0.0
10756,0.0
10763,0.0
10767,0.0
10774,0.0
10777,0.0
10781,0.0
10782,0.0
10790,0.0
10793,0.0
10796,0.0
10802,0.0
10804,0.0
10818,0.0
10820,0.0
10827,0.0
10836,0.0
10837,0.0
10841,0.0
10843,0.0
10845,0.0
10856,0.0
10859,0.0
10863,0.0
10871,0.0
10873,0.0
10886,0.0
10887,0.0
10889,0.0
10896,0.0
10899,0.0
10903,0.0
10908,0.0
10909,0.0
10912,0.0
10913,0.0
10924,0.0
10925,0.0
10936,0.0
10940,0.0
10942,0.0
10946,0.0
10950,0.0
10962,0.0
10964,0.0
10973,0.0
10974,0.0
10978,0.0
10979,0.0
10983,0.0
10985,0.0
10987,0.0
10999,0.0
11001,0.0
11002,0.0
11003,0.0
11007,0.0
11014,0.0
11015,0.0
11018,0.0
11019,0.0
11027,0.0
11029,0.0
11034,0.0
11043,0.0
11049,0.0
11051,0.0
11055,0.0
11056,0.0
11059,0.0
11061,0.0
11062,0.0
11063,0.0
11065,0.0
11066,0.0
11067,0.0
11070,0.0
11071,0.0
11072,0.0
11073,0.0
11075,0.0
11078,0.0
11080,0.0
11087,0.0
11089,0.0
11099,0.0
11102,0.0
11117,0.0
11123,0.0
11124,0.0
11126,0.0
11133,0.0
11142,0.0
11148,0.0
11152,0.0
11153,0.0
11156,0.0
11159,0.0
11162,0.0
11163,0.0
11172,0.0
11175,0.0
11178,0.0
11191,0.0
11205,0.0
11208,0.0
11211,0.0
11212,0.0
11213,0.0
11218,0.0
11222,0.0
11223,0.0
11229,0.0
11243,0.0
11250,0.0
11262,0.0
11264,0.0
11266,0.0
11267,0.0
11274,0.0
11276,0.0
11277,0.0
11297,0.0
11298,0.0
11302,0.0
11316,0.0
11317,0.0
11320,0.0
11328,0.0
11333,0.0
11348,0.0
11349,0.0
11352,0.0
11354,0.0
11356,0.0
11360,0.0
11365,0.0
11366,0.0
11369,0.0
11373,0.0
11386,0.0
11389,0.0
11390,0.0
11393,0.0
11395,0.0
11397,0.0
11403,0.0
11408,0.0
11410,0.0
11416,0.0
11417,0.0
11419,0.0
11429,0.0
11431,0.0
11435,0.0
11440,0.0
11443,0.0
11448,0.0
11450,0.0
11465,0.0
11467,0.0
11468,0.0
11471,0.0
11474,0.0
11479,0.0
11485,0.0
11487,0.0
11488,0.0
11492,0.0
11495,0.0
11498,0.0
11499,0.0
11505,0.0
11506,0.0
11512,0.0
11514,0.0
11522,0.0
11529,0.0
11531,0.0
11532,0.0
11544,0.0
11548,0.0
11549,0.0
11554,0.0
11557,0.0
11560,0.0
11565,0.0
11576,0.0
11580,0.0
11581,0.0
11582,0.0
11586,0.0
11591,0.0
11592,0.0
11593,0.0
11599,0.0
11604,0.0
11608,0.0
11609,0.0
11613,0.0
11614,0.0
11618,0.0
11621,0.0
11626,0.0
11628,0.0
11630,0.0
11639,0.0
11640,0.0
11641,0.0
11649,0.0
11655,0.0
11657,0.0
11658,0.0
11663,0.0
11668,0.0
11671,0.0
11674,0.0
11678,0.0
11683,0.0
11685,0.0
11695,0.0
11696,0.0
11700,0.0
11708,0.0
11732,0.0
11733,0.0
11741,0.0
11742,0.0
11743,0.0
11745,0.0
11752,0.0
11754,0.0
11755,0.0
11770,0.0
11772,0.0
11776,0.0
11778,0.0
11781,0.0
11788,0.0
11789,0.0
11790,0.0
11797,0.0
11801,0.0
11804,0.0
11806,0.0
11807,0.0
11810,0.0
11813,0.0
11816,0.0
11817,0.0
11818,0.0
11819,0.0
11826,0.0
11828,0.0
11838,0.0
11841,0.0
11842,0.0
11844,0.0
11851,0.0
11861,0.0
11866,0.0
11871,0.0
11874,0.0
11876,0.0
11881,0.0
11883,0.0
11885,0.0
11886,0.0
11889,0.0
11903,0.0
11911,0.0
11915,0.0
11916,0.0
11917,0.0
11920,0.0
11931,0.0
11935,0.0
11937,0.0
11938,0.0
11939,0.0
11942,0.0
11944,0.0
11945,0.0
11948,0.0
11954,0.0
11956,0.0
11964,0.0
11965,0.0
11969,0.0
11972,0.0
11974,0.0
11988,0.0
11990,0.0
12007,0.0
12009,0.0
12011,0.0
12015,0.0
12019,0.0
12023,0.0
12027,0.0
12028,0.0
12029,0.0
12031,0.0
12044,0.0
12046,0.0
12047,0.0
12048,0.0
12051,0.0
12053,0.0
12055,0.0
12063,0.0
12066,0.0
12068,0.0
12075,0.0
12076,0.0
12078,0.0
12080,0.0
12083,0.0
12084,0.0
12085,0.0
12090,0.0
12103,0.0
12104,0.0
12108,0.0
12110,0.0
12127,0.0
12129,0.0
12133,0.0
12139,0.0
12145,0.0
12146,0.0
12152,0.0
12155,0.0
12160,0.0
12161,0.0
12174,0.0
12175,0.0
12176,0.0
12178,0.0
12179,0.0
12180,0.0
12185,0.0
12187,0.0
12189,0.0
12195,0.0
12202,0.0
12204,0.0
12205,0.0
12206,0.0
12210,0.0
12211,0.0
12217,0.0
12219,0.0
12223,0.0
12228,0.0
12232,0.0
12234,0.0
12236,0.0
12241,0.0
12242,0.0
12243,0.0
12249,0.0
12251,0.0
12261,0.0
12262,0.0
12263,0.0
12266,0.0
12276,0.0
12279,0.0
12289,0.0
12293,0.0
12300,0.0
12301,0.0
12306,0.0
12309,0.0
12310,0.0
12312,0.0
12313,0.0
12316,0.0
12319,0.0
12320,0.0
12325,0.0
12332,0.0
12338,0.0
12340,0.0
12344,0.0
12345,0.0
12352,0.0
12367,0.0
12370,0.0
12374,0.0
12375,0.0
12376,0.0
12385,0.0
12395,0.0
12398,0.0
12410,0.0
12411,0.0
12413,0.0
12414,0.0
12417,0.0
12419,0.0
12421,0.0
12427,0.0
12436,0.0
12437,0.0
12440,0.0
12441,0.0
12442,0.0
12443,0.0
12444,0.0
12451,0.0
12453,0.0
12456,0.0
12457,0.0
12468,0.0
12470,0.0
12471,0.0
12475,0.0
12476,0.0
12486,0.0
12488,0.0
12492,0.0
12499,0.0
12504,0.0
12507,0.0
12511,0.0
12515,0.0
12518,0.0
12519,0.0
12540,0.0
12548,0.0
12550,0.0
12551,0.0
12554,0.0
12556,0.0
12557,0.0
12558,0.0
12562,0.0
12566,0.0
12568,0.0
12571,0.0
12572,0.0
12582,0.0
12585,0.0
12587,0.0
12591,0.0
12596,0.0
12599,0.0
12604,0.0
12612,0.0
12615,0.0
12620,0.0
12621,0.0
12634,0.0
12639,0.0
12646,0.0
12650,0.0
12651,0.0
12656,0.0
12659,0.0
12661,0.0
12663,0.0
12670,0.0
12678,0.0
12680,0.0
12681,0.0
12682,0.0
12687,0.0
12691,0.0
12695,0.0
12697,0.0
12699,0.0
12713,0.0
12715,0.0
12726,0.0
12728,0.0
12736,0.0
12752,0.0
12756,0.0
12760,0.0
12763,0.0
12768,0.0
12777,0.0
12782,0.0
12784,0.0
12785,0.0
12786,0.0
12795,0.0
12796,0.0
12802,0.0
12803,0.0
12812,0.0
12816,0.0
12818,0.0
12823,0.0
12827,0.0
12833,0.0
12837,0.0
12850,0.0
12851,0.0
12852,0.0
12863,0.0
12865,0.0
12874,0.0
12876,0.0
12879,0.0
12880,0.0
12884,0.0
12885,0.0
12889,0.0
12891,0.0
12894,0.0
12895,0.0
12900,0.0
12901,0.0
12909,0.0
12913,0.0
12919,0.0
12920,0.0
12922,0.0
12923,0.0
12925,0.0
12929,0.0
12935,0.0
12936,0.0
12942,0.0
12950,0.0
12958,0.0
12960,0.0
12967,0.0
12982,0.0
12984,0.0
12986,0.0
12989,0.0
12990,0.0
12992,0.0
12999,0.0
13001,0.0
13007,0.0
13011,0.0
13021,0.0
13022,0.0
13023,0.0
13027,0.0
13032,0.0
13034,0.0
13035,0.0
13045,0.0
13047,0.0
13050,0.0
13054,0.0
13057,0.0
13058,0.0
13059,0.0
13064,0.0
13082,0.0
13084,0.0
13085,0.0
13086,0.0
13092,0.0
13095,0.0
13098,0.0
13103,0.0
13118,0.0
13130,0.0
13132,0.0
13147,0.0
13148,0.0
13150,0.0
13151,0.0
13154,0.0
13169,0.0
13178,0.0
13192,0.0
13195,0.0
13198,0.0
13205,0.0
13210,0.0
13215,0.0
13222,0.0
13231,0.0
13237,0.0
13238,0.0
13239,0.0
13241,0.0
13244,0.0
13251,0.0
13253,0.0
13255,0.0
13264,0.0
13266,0.0
13271,0.0
13272,0.0
13276,0.0
13279,0.0
13280,0.0
13291,0.0
13296,0.0
13299,0.0
13300,0.0
13307,0.0
13309,0.0
13311,0.0
13316,0.0
13321,0.0
13338,0.0
13339,0.0
13340,0.0
13345,0.0
13347,0.0
13358,0.0
13369,0.0
13380,0.0
13389,0.0
13393,0.0
13395,0.0
13401,0.0
13411,0.0
13413,0.0
13417,0.0
13418,0.0
13420,0.0
13423,0.0
13424,0.0
13427,0.0
13429,0.0
13436,0.0
13438,0.0
13440,0.0
13447,0.0
13450,0.0
13458,0.0
13463,0.0
13473,0.0
13478,0.0
13481,0.0
13486,0.0
13495,0.0
13496,0.0
13503,0.0
13505,0.0
13513,0.0
13517,0.0
13520,0.0
13532,0.0
13535,0.0
13537,0.0
13538,0.0
13543,0.0
13544,0.0
13545,0.0
13546,0.0
13552,0.0
13553,0.0
13554,0.0
13555,0.0
13556,0.0
13565,0.0
13566,0.0
13572,0.0
13575,0.0
13576,0.0
13581,0.0
13582,0.0
13583,0.0
13585,0.0
13590,0.0
13592,0.0
13595,0.0
13596,0.0
13602,0.0
13603,0.0
13605,0.0
13606,0.0
13608,0.0
13610,0.0
13617,0.0
13619,0.0
13625,0.0
13627,0.0
13628,0.0
13639,0.0
13642,0.0
13650,0.0
13651,0.0
13654,0.0
13658,0.0
13663,0.0
13668,0.0
13670,0.0
13671,0.0
13677,0.0
13681,0.0
13684,0.0
13690,0.0
13693,0.0
13694,0.0
13699,0.0
13703,0.0
13704,0.0
13708,0.0
13710,0.0
13716,0.0
13719,0.0
13720,0.0
13722,0.0
13723,0.0
13729,0.0
13732,0.0
13733,0.0
13734,0.0
13739,0.0
13757,0.0
13763,0.0
13765,0.0
13774,0.0
13776,0.0
13778,0.0
13784,0.0
13792,0.0
13797,0.0
13800,0.0
13801,0.0
13810,0.0
13815,0.0
13816,0.0
13817,0.0
13818,0.0
13821,0.0
13826,0.0
13839,0.0
13840,0.0
13849,0.0
13850,0.0
13858,0.0
13861,0.0
13863,0.0
13864,0.0
13872,0.0
13873,0.0
13874,0.0
13876,0.0
13895,0.0
13898,0.0
13903,0.0
13905,0.0
13907,0.0
13912,0.0
13916,0.0
13920,0.0
13923,0.0
13927,0.0
13937,0.0
13940,0.0
13948,0.0
13952,0.0
13964,0.0
13965,0.0
13969,0.0
13970,0.0
13973,0.0
13974,0.0
13975,0.0
13985,0.0
13989,0.0
13991,0.0
13996,0.0
13999,0.0
14000,0.0
14001,0.0
14005,0.0
14008,0.0
14021,0.0
14026,0.0
14036,0.0
14038,0.0
14039,0.0
14041,0.0
14042,0.0
14051,0.0
14052,0.0
14061,0.0
14063,0.0
14065,0.0
14068,0.0
14075,0.0
14083,0.0
14087,0.0
14088,0.0
14093,0.0
14100,0.0
14101,0.0
14103,0.0
14105,0.0
14108,0.0
14109,0.0
14110,0.0
14113,0.0
14117,0.0
14120,0.0
14126,0.0
14131,0.0
14132,0.0
14133,0.0
14134,0.0
14136,0.0
14146,0.0
14154,0.0
14155,0.0
14159,0.0
14163,0.0
14166,0.0
14167,0.0
14170,0.0
14173,0.0
14180,0.0
14181,0.0
14184,0.0
14185,0.0
14196,0.0
14204,0.0
14205,0.0
14209,0.0
14215,0.0
14218,0.0
14230,0.0
14234,0.0
14236,0.0
14237,0.0
14239,0.0
14248,0.0
14250,0.0
14253,0.0
14258,0.0
14262,0.0
14265,0.0
14273,0.0
14275,0.0
14277,0.0
14280,0.0
14283,0.0
14306,0.0
14308,0.0
14312,0.0
14322,0.0
14333,0.0
14335,0.0
14338,0.0
14339,0.0
14344,0.0
14351,0.0
14352,0.0
14353,0.0
14359,0.0
14374,0.0
14380,0.0
14383,0.0
14386,0.0
14390,0.0
14391,0.0
14399,0.0
14404,0.0
14407,0.0
14409,0.0
14421,0.0
14441,0.0
14445,0.0
14448,0.0
14461,0.0
14462,0.0
14467,0.0
14468,0.0
14469,0.0
14470,0.0
14473,0.0
14481,0.0
14484,0.0
14490,0.0
14491,0.0
14492,0.0
14498,0.0
14504,0.0
14507,0.0
14509,0.0
14510,0.0
14512,0.0
14517,0.0
14518,0.0
14527,0.0
14528,0.0
14532,0.0
14537,0.0
14538,0.0
14543,0.0
14546,0.0
14557,0.0
14564,0.0
14569,0.0
14573,0.0
14575,0.0
14579,0.0
14589,0.0
14592,0.0
14603,0.0
14604,0.0
14605,0.0
14608,0.0
14612,0.0
14617,0.0
14621,0.0
14625,0.0
14629,0.0
14630,0.0
14631,0.0
14636,0.0
14642,0.0
14648,0.0
14679,0.0
14681,0.0
14688,0.0
14694,0.0
14699,0.0
14708,0.0
14710,0.0
14712,0.0
14713,0.0
14717,0.0
14720,0.0
14725,0.0
14728,0.0
14732,0.0
14734,0.0
14736,0.0
14746,0.0
14752,0.0
14754,0.0
14770,0.0
14771,0.0
14774,0.0
14777,0.0
14779,0.0
14782,0.0
14785,0.0
14786,0.0
14789,0.0
14793,0.0
14804,0.0
14805,0.0
14806,0.0
14810,0.0
14814,0.0
14815,0.0
14816,0.0
14820,0.0
14828,0.0
14832,0.0
14837,0.0
14842,0.0
14855,0.0
14857,0.0
14860,0.0
14864,0.0
14878,0.0
14883,0.0
14884,0.0
14896,0.0
14900,0.0
14902,0.0
14904,0.0
14905,0.0
14910,0.0
14917,0.0
14919,0.0
14922,0.0
14925,0.0
14933,0.0
14936,0.0
14940,0.0
14949,0.0
14951,0.0
14966,0.0
14973,0.0
14985,0.0
14987,0.0
14988,0.0
14991,0.0
14993,0.0
15001,0.0
15003,0.0
15004,0.0
15008,0.0
15010,0.0
15014,0.0
15018,0.0
15019,0.0
15021,0.0
15035,0.0
15038,0.0
15043,0.0
15048,0.0
15050,0.0
15053,0.0
15067,0.0
15081,0.0
15089,0.0
15096,0.0
15097,0.0
15100,0.0
15112,0.0
15116,0.0
15120,0.0
15122,0.0
15128,0.0
15129,0.0
15132,0.0
15134,0.0
15136,0.0
15140,0.0
15141,0.0
15143,0.0
15152,0.0
15153,0.0
15155,0.0
15161,0.0
15162,0.0
15163,0.0
15166,0.0
15167,0.0
15169,0.0
15170,0.0
15176,0.0
15180,0.0
15186,0.0
15188,0.0
15198,0.0
15209,0.0
15210,0.0
15212,0.0
15221,1.0
15222,0.0
15230,0.0
15231,0.0
15236,0.0
15239,0.0
15241,0.0
15245,0.0
15254,0.0
15258,0.0
15260,0.0
15265,0.0
15268,0.0
15281,0.0
15283,0.0
15285,0.0
15290,0.0
15291,0.0
15292,0.0
15301,0.0
15303,0.0
15315,0.0
15319,0.0
15323,0.0
15325,0.0
15327,0.0
15329,0.0
15330,0.0
15333,0.0
15334,0.0
15340,0.0
15342,0.0
15344,0.0
15346,0.0
15352,0.0
15356,0.0
15357,0.0
15360,0.0
15361,0.0
15363,0.0
15369,0.0
15376,0.0
15387,0.0
15392,0.0
15393,0.0
15395,0.0
15412,0.0
15419,0.0
15426,0.0
15428,0.0
15432,0.0
15434,0.0
15440,0.0
15468,0.0
15470,0.0
15480,0.0
15485,0.0
15489,0.0
15491,0.0
15495,0.0
15496,0.0
15500,0.0
15501,0.0
15509,0.0
15510,0.0
15513,0.0
15514,0.0
15515,0.0
15516,0.0
15523,0.0
15527,0.0
15530,0.0
15532,0.0
15533,0.0
15537,0.0
15538,0.0
15541,0.0
15544,0.0
15549,0.0
15555,0.0
15559,0.0
15560,0.0
15566,0.0
15571,0.0
15575,0.0
15580,0.0
15581,0.0
15584,0.0
15592,0.0
15593,0.0
15594,0.0
15596,0.0
15597,0.0
15601,0.0
15605,0.0
15606,0.0
15608,0.0
15609,0.0
15610,0.0
15616,0.0
15623,0.0
15624,0.0
15628,0.0
15634,0.0
15635,0.0
15636,0.0
15640,0.0
15644,0.0
15651,0.0
15659,0.0
15663,0.0
15670,0.0
15672,0.0
15675,0.0
15677,0.0
15678,0.0
15684,0.0
15693,0.0
15700,0.0
15704,0.0
15706,0.0
15708,0.0
15712,0.0
15713,0.0
15716,0.0
15720,0.0
15722,0.0
15723,0.0
15731,0.0
15741,0.0
15761,0.0
15762,0.0
15765,0.0
15767,0.0
15771,0.0
15777,0.0
15779,0.0
15785,0.0
15789,0.0
15792,0.0
15800,0.0
15804,0.0
15815,0.0
15817,0.0
15827,0.0
15828,0.0
15829,0.0
15835,0.0
15850,0.0
15851,0.0
15855,0.0
15857,0.0
15859,0.0
15863,0.0
15864,0.0
15866,0.0
15870,0.0
15871,0.0
15877,0.0
15883,0.0
15890,0.0
15894,0.0
15903,0.0
15911,0.0
15923,0.0
15925,0.0
15928,0.0
15931,0.0
15932,0.0
15933,0.0
15934,0.0
15938,0.0
15939,0.0
15945,0.0
15949,0.0
15952,0.0
15955,0.0
15963,0.0
15964,0.0
15966,0.0
15968,0.0
15975,0.0
15976,0.0
15979,0.0
15982,0.0
15983,0.0
15985,0.0
15992,0.0
16008,0.0
16033,0.0
16036,0.0
16039,0.0
16041,0.0
16045,0.0
16046,0.0
16052,0.0
16056,0.0
16065,0.0
16070,0.0
16073,0.0
16076,0.0
16084,0.0
16086,0.0
16099,0.0
16101,0.0
16108,0.0
16116,0.0
16127,0.0
16128,0.0
16138,0.0
16139,0.0
16146,0.0
16148,0.0
16161,0.0
16166,0.0
16167,0.0
16175,0.0
16178,0.0
16182,0.0
16191,0.0
16195,0.0
16196,0.0
16200,0.0
16201,0.0
16202,0.0
16206,0.0
16225,0.0
16233,0.0
16237,0.0
16240,0.0
16244,0.0
16245,0.0
16249,0.0
16251,0.0
16257,0.0
16260,0.0
16269,0.0
16281,0.0
16283,0.0
16284,0.0
16289,0.0
16293,0.0
16306,0.0
16312,0.0
16314,0.0
16316,0.0
16323,0.0
16324,0.0
16325,0.0
16329,0.0
16340,0.0
16342,0.0
16344,0.0
16345,0.0
16347,0.0
16359,0.0
16360,0.0
16362,0.0
16365,0.0
16369,0.0
16371,0.0
16374,1.0
16383,0.0
16386,0.0
16389,0.0
16400,0.0
16403,0.0
16406,0.0
16407,0.0
16410,0.0
16411,0.0
16412,0.0
16421,0.0
16433,0.0
16442,0.0
16453,0.0
16454,0.0
16455,0.0
16458,0.0
16460,0.0
16478,0.0
16481,0.0
16486,0.0
16488,0.0
16492,0.0
16493,0.0
16498,0.0
16500,0.0
16502,0.0
16504,0.0
16508,0.0
16516,0.0
16519,0.0
16522,0.0
16524,0.0
16531,0.0
16535,0.0
16536,0.0
16537,0.0
16541,0.0
16553,0.0
16564,0.0
16565,0.0
16568,0.0
16574,0.0
16575,0.0
16585,0.0
16599,0.0
16601,0.0
16608,0.0
16617,0.0
16619,0.0
16623,0.0
16625,0.0
16626,0.0
16631,0.0
16632,0.0
16640,0.0
16643,0.0
16644,0.0
16653,0.0
16661,0.0
16663,0.0
16668,0.0
16669,0.0
16670,0.0
16671,0.0
16676,0.0
16677,0.0
16679,0.0
16680,0.0
16682,0.0
16689,0.0
16694,0.0
16702,0.0
16710,0.0
16712,0.0
16715,0.0
16716,0.0
16718,0.0
16749,0.0
16750,0.0
16756,0.0
16759,0.0
16760,0.0
16763,0.0
16768,0.0
16770,0.0
16796,0.0
16803,0.0
16805,0.0
16807,0.0
16808,0.0
16811,0.0
16813,0.0
16821,0.0
16823,0.0
16828,0.0
16834,0.0
16840,0.0
16854,0.0
16859,0.0
16862,0.0
16867,0.0
16868,0.0
16870,0.0
16878,0.0
16883,0.0
16887,0.0
16889,0.0
16890,0.0
16891,0.0
16899,0.0
16901,0.0
16904,0.0
16915,0.0
16916,0.0
16918,0.0
16919,0.0
16921,0.0
16922,0.0
16924,0.0
16926,0.0
16927,0.0
16937,0.0
16939,0.0
16941,0.0
16943,0.0
16950,0.0
16952,0.0
16954,0.0
16961,0.0
16963,0.0
16970,0.0
16971,0.0
16977,0.0
16983,0.0
16988,0.0
16990,0.0
16996,0.0
16999,0.0
17005,0.0
17010,0.0
17012,0.0
17018,0.0
17022,0.0
17023,0.0
17032,0.0
17042,0.0
17046,0.0
17047,0.0
17048,0.0
17064,0.0
17065,0.0
17066,0.0
17072,0.0
17075,0.0
17080,0.0
17082,0.0
17084,0.0
17086,0.0
17107,0.0
17108,0.0
17109,0.0
17110,0.0
17113,0.0
17123,0.0
17124,0.0
17126,0.0
17132,0.0
17134,0.0
17135,0.0
17138,0.0
17142,0.0
17144,0.0
17152,0.0
17153,0.0
17155,0.0
17158,0.0
17160,0.0
17166,0.0
17169,0.0
17172,0.0
17173,0.0
17177,0.0
17178,0.0
17184,0.0
17189,0.0
17193,0.0
17197,0.0
17199,0.0
17206,0.0
17211,0.0
17213,0.0
17214,0.0
17217,0.0
17219,0.0
17225,0.0
17226,0.0
17227,0.0
17244,0.0
17250,0.0
17253,0.0
17259,0.0
17263,0.0
17270,0.0
17271,0.0
17274,0.0
17278,0.0
17280,0.0
17285,0.0
17287,0.0
17288,0.0
17290,0.0
17296,0.0
17297,0.0
17300,0.0
17301,0.0
17307,0.0
17308,0.0
17314,0.0
17315,0.0
17316,0.0
17319,0.0
17331,0.0
17333,0.0
17334,0.0
17335,0.0
17338,0.0
17345,0.0
17346,0.0
17349,0.0
17350,0.0
17351,0.0
17352,0.0
17356,0.0
17365,0.0
17366,0.0
17373,0.0
17374,0.0
17381,0.0
17392,0.0
17395,0.0
17396,0.0
17397,0.0
17405,0.0
17407,0.0
17410,0.0
17416,0.0
17419,0.0
17421,0.0
17423,0.0
17442,0.0
17443,0.0
17448,0.0
17449,0.0
17450,0.0
17457,0.0
17458,0.0
17461,0.0
17465,0.0
17477,0.0
17480,0.0
17482,0.0
17491,0.0
17493,0.0
17494,0.0
17499,0.0
17502,0.0
17505,0.0
17508,0.0
17514,0.0
17516,0.0
17524,0.0
17539,0.0
17545,0.0
17549,0.0
17558,0.0
17563,0.0
17565,0.0
17567,0.0
17568,0.0
17572,0.0
17578,0.0
17599,0.0
17600,0.0
17609,0.0
17613,0.0
17614,0.0
17618,0.0
17625,0.0
17631,0.0
17635,0.0
17640,0.0
17642,0.0
17645,0.0
17653,0.0
17656,0.0
17658,0.0
17659,0.0
17671,0.0
17683,0.0
17684,0.0
17689,0.0
17690,0.0
17696,0.0
17697,0.0
17698,0.0
17699,0.0
17700,0.0
17701,0.0
17702,0.0
17703,0.0
17708,0.0
17710,0.0
17714,0.0
17721,0.0
17732,0.0
17740,0.0
17745,0.0
17750,0.0
17754,0.0
17757,0.0
17760,0.0
17762,0.0
17766,0.0
17770,0.0
17771,0.0
17772,0.0
17789,0.0
17793,0.0
17795,0.0
17796,0.0
17805,0.0
17806,0.0
17816,0.0
17825,0.0
17826,0.0
17827,0.0
17831,0.0
17841,0.0
17842,0.0
17843,0.0
17844,0.0
17848,0.0
17855,0.0
17862,0.0
17863,0.0
17864,0.0
17866,0.0
17870,0.0
17883,0.0
17884,0.0
17885,0.0
17890,0.0
17891,0.0
17901,0.0
17902,0.0
17905,0.0
17906,0.0
17912,0.0
17915,0.0
17919,0.0
17926,0.0
17927,0.0
17930,0.0
17932,0.0
17937,0.0
17945,0.0
17957,0.0
17958,0.0
17964,0.0
17965,0.0
17968,0.0
17971,0.0
17979,0.0
17990,0.0
17997,0.0
18001,0.0
18002,0.0
18006,0.0
18007,0.0
18010,0.0
18012,0.0
18018,0.0
18028,0.0
18029,0.0
18041,0.0
18045,0.0
18049,0.0
18053,0.0
18054,0.0
18059,0.0
18060,0.0
18069,0.0
18070,0.0
18077,0.0
18078,0.0
18085,0.0
18089,0.0
18091,0.0
18100,0.0
18118,0.0
18119,0.0
18123,0.0
18131,0.0
18134,0.0
18138,0.0
18139,0.0
18144,0.0
18146,0.0
18149,0.0
18151,0.0
18152,0.0
18153,0.0
18156,0.0
18164,0.0
18169,0.0
18172,0.0
18178,0.0
18179,0.0
18181,0.0
18183,0.0
18184,0.0
18191,0.0
18199,0.0
18201,0.0
18213,0.0
18222,0.0
18224,0.0
18235,0.0
18241,0.0
18243,0.0
18248,0.0
18250,0.0
18257,0.0
18259,0.0
18261,0.0
18263,0.0
18264,0.0
18267,0.0
18272,0.0
18273,0.0
18276,0.0
18287,0.0
18297,0.0
18302,0.0
18304,0.0
18305,0.0
18311,0.0
18314,0.0
18340,0.0
18344,0.0
18347,0.0
18348,0.0
18349,0.0
18352,0.0
18358,0.0
18361,0.0
18363,0.0
18365,0.0
18376,0.0
18380,0.0
18384,0.0
18386,0.0
18388,0.0
18394,0.0
18395,0.0
18397,0.0
18400,0.0
18401,0.0
18412,0.0
18422,0.0
18426,0.0
18436,0.0
18440,0.0
18447,0.0
18451,0.0
18452,0.0
18467,0.0
18472,0.0
18478,0.0
18480,0.0
18484,0.0
18486,0.0
18494,0.0
18496,0.0
18505,0.0
18506,0.0
18510,0.0
18512,0.0
18513,0.0
18519,0.0
18521,0.0
18523,0.0
18525,0.0
18528,0.0
18534,0.0
18535,0.0
18541,0.0
18544,0.0
18548,0.0
18549,0.0
18565,0.0
18569,0.0
18575,0.0
18578,0.0
18587,0.0
18589,0.0
18592,0.0
18594,0.0
18596,0.0
18597,0.0
18602,0.0
18607,0.0
18619,0.0
18620,0.0
18625,0.0
18632,0.0
18639,0.0
18663,0.0
18664,0.0
18666,0.0
18669,0.0
18674,0.0
18675,0.0
18677,0.0
18678,0.0
18683,0.0
18689,0.0
18692,0.0
18706,0.0
18710,0.0
18716,0.0
18717,0.0
18719,0.0
18724,0.0
18725,0.0
18729,0.0
18733,0.0
18735,0.0
18740,0.0
18743,0.0
18755,0.0
18759,0.0
18764,0.0
18774,0.0
18775,0.0
18776,0.0
18785,0.0
18786,0.0
18788,0.0
18794,0.0
18796,0.0
18798,0.0
18799,0.0
18803,0.0
18804,0.0
18811,0.0
18819,0.0
18821,0.0
18827,0.0
18831,0.0
18832,0.0
18839,0.0
18840,0.0
18841,0.0
18842,0.0
18845,0.0
18850,0.0
18857,0.0
18860,0.0
18867,0.0
18875,0.0
18883,0.0
18888,0.0
18891,0.0
18892,0.0
18895,0.0
18898,0.0
18903,0.0
18905,0.0
18909,0.0
18910,0.0
18917,0.0
18920,0.0
18932,0.0
18944,0.0
18954,0.0
18958,0.0
18960,0.0
18964,0.0
18965,0.0
18974,0.0
18987,0.0
18991,0.0
18993,0.0
18994,0.0
19004,0.0
19008,0.0
19012,0.0
19014,0.0
19020,0.0
19022,0.0
19026,0.0
19029,0.0
19036,0.0
19039,0.0
19044,0.0
19045,0.0
19047,0.0
19049,0.0
19054,0.0
19067,0.0
19074,0.0
19085,0.0
19092,0.0
19099,0.0
19103,0.0
19104,0.0
19106,0.0
19107,0.0
19126,0.0
19134,0.0
19135,0.0
19142,0.0
19151,0.0
19156,0.0
19157,0.0
19160,0.0
19162,0.0
19163,0.0
19166,0.0
19185,0.0
19187,0.0
19189,0.0
19190,0.0
19191,0.0
19194,0.0
19199,0.0
19201,0.0
19208,0.0
19209,0.0
19210,0.0
19212,0.0
19213,0.0
19218,0.0
19221,0.0
19225,0.0
19229,0.0
19232,0.0
19238,0.0
19240,0.0
19243,0.0
19245,0.0
19256,0.0
19259,0.0
19261,0.0
19263,0.0
19266,0.0
19281,0.0
19283,0.0
19289,0.0
19299,0.0
19303,0.0
19305,0.0
19308,0.0
19313,0.0
19318,0.0
19325,0.0
19335,0.0
19338,0.0
19344,0.0
19346,0.0
19352,0.0
19354,0.0
19365,0.0
19369,0.0
19371,0.0
19373,0.0
19375,0.0
19376,0.0
19377,0.0
19381,0.0
19384,0.0
19389,0.0
19390,0.0
19391,0.0
19393,0.0
19397,0.0
19399,0.0
19407,0.0
19413,0.0
19422,0.0
19427,0.0
19432,0.0
19435,0.0
19444,0.0
19446,0.0
19458,0.0
19474,0.0
19476,0.0
19478,0.0
19480,0.0
19483,0.0
19485,0.0
19491,0.0
19494,0.0
19496,0.0
19514,0.0
19515,0.0
19521,0.0
19522,0.0
19523,0.0
19525,0.0
19532,0.0
19534,0.0
19542,0.0
19546,0.0
19551,0.0
19553,0.0
19554,0.0
19559,0.0
19560,0.0
19562,0.0
19567,0.0
19570,0.0
19579,0.0
19583,0.0
19586,0.0
19589,0.0
19592,0.0
19602,0.0
19609,0.0
19613,0.0
19615,0.0
19622,0.0
19640,0.0
19641,0.0
19645,0.0
19650,0.0
19653,0.0
19655,0.0
19657,0.0
19660,0.0
19663,0.0
19665,0.0
19671,0.0
19673,0.0
19680,0.0
